"conversation_id_str","created_at","favorite_count","full_text","id_str","image_url","in_reply_to_screen_name","lang","location","quote_count","reply_count","retweet_count","tweet_url","user_id_str","username"
"1867945379909771352","Sat Dec 14 23:30:40 +0000 2024","1","@JagoanAnies @itsquaileggs Solusi nya makan siang gratis yg 10rb itu wkwkw awal janji 15rb dipotong 5rb tetep aja pada ga protest wkwkw emg terlalu goblog sebenenrya mereka tuh malah ngurusin AI2 ga penting wkwkw kmrn2 pake AI pas kampanye padahal junjungan nya wkwkw goblog","1868076168395772112","","JagoanAnies","in","","0","0","0","https://x.com/guesswho1333/status/1868076168395772112","1346927992648339459","guesswho1333"
"1867859192801021970","Sat Dec 14 09:08:29 +0000 2024","22","Makan siang gratis yg terpaksa. Atau di paksakan. Knp 10 rb semua tau APBN Depisit. Tapi janji politik hrs di jalankan. Sya sejak lahir di indonesia. 10 ribu aja udh mepet. 10 dari atas sampe bawah kena sunat tinggal berapa. Gak usah muna Itu udh Tradisi.","1867859192801021970","","","in","Jakarta Barat, DKI Jakarta","1","5","3","https://x.com/Bara__Akbar/status/1867859192801021970","1613404169997783040","Bara__Akbar"
"1867551302911504870","Fri Dec 13 12:47:38 +0000 2024","0","@wanglaga Janji kampanye Pak @prabowo itu makan siang BERGIZI gratis &amp; susu gratis pernyataan Bu Mega itu realistis. 10k untuk makan BERGIZI dan susu? ","1867551957222928543","","irvanhifa","in","","0","1","0","https://x.com/irvanhifa/status/1867551957222928543","1049921713","irvanhifa"
"1867475780881854666","Fri Dec 13 07:44:56 +0000 2024","1","PPN 12% ... lebih pantas dibahas anggaran makan siang gratis janji kampanye Rp 15rb/anak ... https://t.co/sPboriAXa0","1867475780881854666","https://pbs.twimg.com/ext_tw_video_thumb/1867475754998804481/pu/img/BJsK1sCmKIJ23_9O.jpg","","in","DKI Jakarta, Indonesia","0","0","0","https://x.com/NdiTNB/status/1867475780881854666","1488916021440573440","NdiTNB"
"1867402595306025128","Fri Dec 13 07:18:46 +0000 2024","0","@alisyarief Yaelah makan siang gratis ja blum terlaksana jg janji subsidi berbagai sektor.. ni tambahan apalagi pak..? mbok ya atu persatu beresin dulu.. RUWET...","1867469194977304926","","alisyarief","in","Port Numbay Pos 7","0","0","0","https://x.com/OngkiYongk3355/status/1867469194977304926","1827380532851904512","OngkiYongk3355"
"1867400366171861014","Fri Dec 13 03:27:08 +0000 2024","9","@secr3thm4nz56 Makanya jangan banyak janji Bos hahaha. Gaji guru naik 2 juta. Realisasi: 500 ribu saja. Makan siang gratis untuk semua anak. Realisasi: yang kurang mampu saja #FufufafaMakzulkan #FufufafaMakzulkan","1867410903068815771","","secr3thm4nz56","in","","0","0","5","https://x.com/Srik4ndiMuslim2/status/1867410903068815771","1629530059265703938","Srik4ndiMuslim2"
"1866417512453386301","Wed Dec 11 12:06:19 +0000 2024","0","@Yha2n3 Suruh nyangkul kalau mau minta tambahan anggaran.Rakyat saat ini sdh sangat susah dan miskin karena tidak ada lapangan kerja tidak ada pemberian sembako tidak ada makan siang Gratis semuanya janji omon¬≤.","1866816782985728073","","Yha2n3","in","Kota Bukittinggi, Sumatera Bar","0","0","0","https://x.com/MocangTian/status/1866816782985728073","1509700424018063369","MocangTian"
"1865937024693555428","Mon Dec 09 04:09:21 +0000 2024","0","@penjaga_nkri45 Harapan kami sebagai pemilih Bapak Prabowo dan Bapak Gibran adalah agar janji visi misi yang disampaikan seperti makan siang gratis dan peningkatan gizi anak-anak sekolah dapat direalisasikan demi kemajuan Indonesia.","1865971975354724776","","penjaga_nkri45","in","","0","0","0","https://x.com/dafa_budii/status/1865971975354724776","1832631524711395331","dafa_budii"
"1865211049495965862","Sat Dec 07 06:28:11 +0000 2024","0","@susipudjiastuti @prabowo Pasir2 sudah di jual ke singapura. Kini batas teritorial di srobot china demi janji kanpanye makan siang gratis. Klo gak ada duitnya batalkan makan siang gratis itu lebih baik.","1865282137496465525","","susipudjiastuti","in","","0","1","0","https://x.com/KhuzaimiEm19733/status/1865282137496465525","1662800354789175296","KhuzaimiEm19733"
"1864645371210944644","Fri Dec 06 03:40:25 +0000 2024","0","@prastow Pemerentah sekrng harus dikerjar pekataannya secara DETAIL!! omon omonya sdhn bnyak kali...pelintir sana sini...masih hanget janji gaji guru naik jad zonk makan siang gratis entah jd apa..","1864877528902701468","","prastow","in","","0","0","0","https://x.com/purbananda10/status/1864877528902701468","1664120362542694400","purbananda10"
"1864832768049582443","Fri Dec 06 02:10:05 +0000 2024","0","@anasurbaningrum @DPR_RI @MMisbakhun kok ngotot sekali memperlakukan PPn 12% setelah @smindrawatii dan @DitjenPajakRI ngeyel setengah mati? Jangan2 nanti seperti janji makan siang gratis dan minum susu yg dipatok budget 10 rb? Turunkan PPn menjadi 8% utk kesehatan ekonomi rakyat @PDI_Perjuangan https://t.co/hCnAZVdJi4","1864854795586355545","https://pbs.twimg.com/media/GeFLjZ2bwAEBRkp.jpg","anasurbaningrum","in","Bogor, Indonesia","0","0","0","https://x.com/syueb2011/status/1864854795586355545","363380931","syueb2011"
"1864539239494635960","Thu Dec 05 05:48:58 +0000 2024","1","@tempodotco Satu-satunya janji pejabat yang aku berharapnya malah ga terwujud: makan siang gratis.","1864547492857303125","","tempodotco","in","Indonesia","0","0","0","https://x.com/theg1rlwhocan/status/1864547492857303125","1258404175173517312","theg1rlwhocan"
"1864519212699668815","Thu Dec 05 03:56:36 +0000 2024","0","ya chef bagus tapi kan janji nya makan siang gratis bergizi bukan mana bergizi doang lagian anak2 makan telur rebus tiap hari sekolah bisa-bisa trauma telur ","1864519212699668815","","","in","indonesia","0","0","0","https://x.com/oodoodlyy/status/1864519212699668815","303223968","oodoodlyy"
"1864448347345391875","Wed Dec 04 23:15:00 +0000 2024","14","PEMBOROSAN Pemerintahan Presiden @Prabowo sedang struggle mendapatkan dana tambahan untuk memenuhi janji memberi Makan Siang Gratis ke anak sekolah dan Ibu hamil sampai harus dibantu Cina. Di sisi lain pejabat2 tidak jelas Utusan Khusus atau apapun sebutannya seperti Miftah","1864448347345391875","","","in","Indonesia","2","0","12","https://x.com/NephilaXmus/status/1864448347345391875","62764588","NephilaXmus"
"1864127632629252141","Wed Dec 04 15:15:44 +0000 2024","0","@hermawan_devina Lha kan kampanye nya janji makan siang gratis. Kenapa ga ada nasi ?? Ini indo lho makanan pokok itu","1864327738259304838","","hermawan_devina","in","","0","0","0","https://x.com/ichinur27/status/1864327738259304838","1747594738163957760","ichinur27"
"1864127632629252141","Wed Dec 04 14:51:35 +0000 2024","0","@hermawan_devina ini lebih ke snack gratis chef janji kampanye nya kan makan siang bergizi gratis makan siang orang indonesia yg bergizi gimana chef? harus ada karbo prohe prona sayur dan buah kan chef? beda dong berarti sama janji kampanye?","1864321659274186878","","hermawan_devina","in","...","0","0","0","https://x.com/jeonggukie456/status/1864321659274186878","1171419803434639361","jeonggukie456"
"1864127632629252141","Wed Dec 04 13:35:26 +0000 2024","0","@hermawan_devina Janji kampanye makan siang gratis Kenyataan makan pagi gratis Kok nggak sinkron?","1864302495608262910","","hermawan_devina","in","","0","0","0","https://x.com/Awandiatassana/status/1864302495608262910","920780443401601024","Awandiatassana"
"1863787917682114588","Wed Dec 04 13:31:00 +0000 2024","2","@TheCurut007 Janji makan siang gratis juga makin kesini makin kecil ...4 bulan lagi mungkin makan gratisnya ilang...kan omon omon doang...biar meledak pertama dan kempes kemudian","1864301378207944797","","TheCurut007","in","","0","1","0","https://x.com/bhalecho/status/1864301378207944797","1512855180785897472","bhalecho"
"1864127632629252141","Wed Dec 04 10:51:22 +0000 2024","5","@hermawan_devina Ini bisa jadi opsi sih kalo untuk memaximalkan uang 10rb biar dapet protein yg optimal &amp; minim potongan operasional Tapi janji beliau kan makan siang gratis ya pasti ada yg tanya nanti itu mana nasi dan lauknya karena orang Indonesia ngerasa belum makan kalo belum makan nasi ","1864261204082049064","","hermawan_devina","in","Indonesia","0","2","0","https://x.com/admorae_/status/1864261204082049064","1523996977192931328","admorae_"
"1864127632629252141","Wed Dec 04 09:39:05 +0000 2024","34","@hermawan_devina Masalahnya janji kampanyenya makan siang gratis.. Secara logika sih bener anak¬≤ sekolah itu tercukupi kebutuhan makan nya yang kurang itu Gizinya.. Niat awalnya sudah jelek sampai ending juga jelek a.k.a BODOH.. ‚ÜôÔ∏è‚ÜôÔ∏è‚¨áÔ∏è‚¨áÔ∏è Tes Matematika sederhana https://t.co/HJf1qDePHc","1864243014765563969","https://pbs.twimg.com/ext_tw_video_thumb/1864242849136758784/pu/img/N0t81Mr4h_h4dnRC.jpg","hermawan_devina","in","","0","0","8","https://x.com/WarasManReborn/status/1864243014765563969","1746210600882237440","WarasManReborn"
"1864242194934321462","Wed Dec 04 09:35:49 +0000 2024","1","Masalahnya janji kampanyenya makan siang gratis.. Secara logika sih bener anak¬≤ sekolah itu tercukupi kebutuhan makan nya yang kurang itu Gizinya.. Niat awalnya sudah jelek sampai ending juga jelek a.k.a BODOH.. ‚ÜôÔ∏è‚ÜôÔ∏è‚¨áÔ∏è‚¨áÔ∏è Tes Matematika sederhana https://t.co/TBqKs8Tt31","1864242194934321462","https://pbs.twimg.com/ext_tw_video_thumb/1864242018584809477/pu/img/QqE8fe9UnKtRpxY0.jpg","","in","","0","0","1","https://x.com/WarasManReborn/status/1864242194934321462","1746210600882237440","WarasManReborn"
"1863249107026145529","Wed Dec 04 09:09:21 +0000 2024","0","@JhonSitorus_18 Sampai sekarang tidak ada keterangan yang jelas mengenai Makan Siang Gratis secara detail dan kajian ilmiahnya....rakyat hanya dijanjikan janji-janji palsu yang ujungnya merugikan Negara dan berbau Korupsi","1864235532362109031","","JhonSitorus_18","in","√úT: -6.289942,106.753653","0","0","0","https://x.com/iwalanwar/status/1864235532362109031","64605516","iwalanwar"
"1864121979374325892","Wed Dec 04 03:46:03 +0000 2024","1","@terduduki @pandji Kalau pinter ga ada sih yg termakan janji kampanye makan siang gratis","1864154170917614075","","terduduki","in","Jakarta Barat, DKI Jakarta","0","0","0","https://x.com/RakhelNK/status/1864154170917614075","1663107282190880768","RakhelNK"
"1863796403522449605","Tue Dec 03 12:00:51 +0000 2024","4","@Boediantar4 @prabowo dan wakilnya @gibran_tweet gk punya inovasi hebat selain NYONTEK. dan ini juga terlihat terseok-seok utk membuktikan janjinya saat kampanye makan siang gratis yg katanya dananya 400T ternyata cuma mampu membiayai 10rb utk tiap makanan janji lips service ","1863916305059131588","","Boediantar4","in","JAKSEL","0","1","0","https://x.com/Bashu2950331/status/1863916305059131588","1691865573293268992","Bashu2950331"
"1863580448699605083","Tue Dec 03 07:56:32 +0000 2024","0","@prabowo Makan siang gratis gw mana tolol. Jangan kebanyakan nyepong peler gibran mulu lu tolol. Gw pengen makan siang gratis!!!! Mana janji kampanye lu yg kemarwn?? Kaya jokowi lu gak pernah nepatin janji.100 hari lu kerja vuma zonk doank tolol https://t.co/XDA3dU8lcP","1863854821696279016","https://pbs.twimg.com/media/Gd2-FTYbQAAO1eG.jpg","prabowo","in","aboveground","0","0","0","https://x.com/ErwinRockerkids/status/1863854821696279016","1535911464","ErwinRockerkids"
"1863567801421803524","Mon Dec 02 23:28:58 +0000 2024","0","@SantorinisSun Makan siang gratis utk anak sd sekarang makan siang gratis untuk sebagian anak sd yg kurang gizi?? @prabowo semoga ini jadi atensi bapak ke depan berjanjilah sesuai kemampuan apbn jgn asal janji tanpa raodmap yg jelas! Negara bukan untuk bancakan jabatan! @TheEconomist","1863727087372341393","","SantorinisSun","in","","0","0","0","https://x.com/SitiRom05533469/status/1863727087372341393","1742049679037407232","SitiRom05533469"
"1863553476481233175","Mon Dec 02 21:05:17 +0000 2024","2","@geloraco Pak mentri @Yusrilihza_Mhd Program unggulan janji kampanye Presiden @prabowo makan siang bergizi gratis itu cma di anggarkan 71 trilyun dlm apbn 2025.tapi pemerintah putar otak agar program itu jln walaupun cuma 10.000/porsi Artinya kerja dulu pa dg anggaran yg ada Baru omon2","1863690929162555774","","geloraco","in","Pandeglang, Indonesia","0","0","1","https://x.com/DenasIdn1/status/1863690929162555774","1685166495729651715","DenasIdn1"
"1863383832411394366","Mon Dec 02 11:26:53 +0000 2024","0","@democrazymedia Haduh baru awal2 udah banyak ngibulnya minimal makan siang gratis nya jangan omon2 dong masa cuma 10rb itu makan siang prihatin itu namanya janji doang kenceng kaya udah penuh perhitungan pas di realisasikn kaya main2 minimal kalau ga mampu ga usah bikin program itu","1863545368631509074","","democrazymedia","in","Pekan Baru, Riau","0","0","0","https://x.com/Coklutboy/status/1863545368631509074","1622305701749207040","Coklutboy"
"1862868152478224892","Mon Dec 02 10:08:14 +0000 2024","1","@Koslap529318 @Jumianto_RK Dari awal yang targetnya 400 triliun/tahun buat makan siang gratis tapi yang disetujui cuma 74 triliun. Lagian kenapa maksa banget sih bikin janji kayak gini repot kan sekarang","1863525573706031290","","Koslap529318","in","DKI Jakarta, Indonesia","0","2","0","https://x.com/AriefHuszein/status/1863525573706031290","1249281111479349249","AriefHuszein"
"1863398680503754900","Mon Dec 02 08:59:58 +0000 2024","0","@detikcom Ini bukan masalah pecah belahnya tapi janji kampanyenya amburadul semua lha ya bagaimana? Dari makan siang gratis sampai kenaikan gaji guru diralat semua. Sekelas habib kok dukung yang kayak gitu? Gak malu ribut sama Mulyono dulu? Sekarang kok sekolam?","1863508393786478795","","detikcom","in","","0","0","0","https://x.com/zakyabbas21/status/1863508393786478795","1492017955500007429","zakyabbas21"
"1862868152478224892","Mon Dec 02 06:20:14 +0000 2024","5","@Jumianto_RK Sajian makan di istana untuk acara2 rapat dll .. anggaran juga dibuat 10.000/porsi agar ikut merasakan makanan bergizi yg diberikan pada rakyat (mereka ini rakyat sudah pilih anda jadi penguasa dg janji makan siang gratis lho) Jangan di istana 100.000/prs rakyat 10.000/prs","1863468196696826096","","Jumianto_RK","in","","0","0","1","https://x.com/inoengbudianto/status/1863468196696826096","1727928970346459136","inoengbudianto"
"1863091826389025113","Mon Dec 02 05:58:18 +0000 2024","0","@heriprambanan @abu_waras heh DUNGU! janji makan siang gratis 25K + susu kemarin janji guru honorer naik 2 juta juga ZOONG!","1863462678741889530","","heriprambanan","in","indonesia","0","0","0","https://x.com/xeon2244/status/1863462678741889530","270477265","xeon2244"
"1863399076768977321","Mon Dec 02 05:11:17 +0000 2024","1","@realfedinuril kalo point ku sih janji nya apa realitanya apa janji makan siang gratis 25.000 dan susu realita ( 10.000 = nasi+laukpauk+buah+susu ) @prabowo omon omon lagi deh setelah kemarin tunjangan guru honorer di tambah 2juta ZOONG !","1863450847214272627","","realfedinuril","in","indonesia","0","0","0","https://x.com/xeon2244/status/1863450847214272627","270477265","xeon2244"
"1863249107026145529","Mon Dec 02 03:19:01 +0000 2024","3","@ElvinSiregar_01 @JhonSitorus_18 Yg diomongkan itu janji saat kampanye. Awalnya program makan siang gratis itu 25 ribu/anak trs diotak-atik lagi turun lagi menjadi 15 ribu/anak. Namun tiba2 di saat mau dilaksanakan program tsb akhirnya turun lagi menjadi 10 ribu. Menyampaikan fakta kok dibilang nyinyir ","1863422592172130625","","ElvinSiregar_01","in","Solo, Jawa Tengah ","0","1","0","https://x.com/SyahrulDA2/status/1863422592172130625","1606288629629739011","SyahrulDA2"
"1862868152478224892","Mon Dec 02 01:05:11 +0000 2024","0","@Jumianto_RK Janji kampanye berbanding jauh pas udh jadi presiden+wapres. Jauh¬≤ keluar negeri cari investor buat program makan siang gratis yg dikasih ke rakyat cuma 10ribu. ","1863388911504073080","","Jumianto_RK","in","","0","0","0","https://x.com/dxdiag2424/status/1863388911504073080","1604105533723914240","dxdiag2424"
"1863267338730238255","Sun Dec 01 17:02:06 +0000 2024","0","Janji kampanye menggebu gebu makan siang gratis susu gratis eh eh eh cuma 10000 makanya hitung dulu baru bacot","1863267338730238255","","","in","Bandung.jawabarat","0","0","0","https://x.com/dede81532/status/1863267338730238255","724220445076004865","dede81532"
"1862868152478224892","Sun Dec 01 16:27:21 +0000 2024","0","@Jumianto_RK Coba kasih anaknya pejabat makan siang sekolah gratis 10000 dpejabat rakyat yg gaji jangan pada seenaknya...qlo kaga sanggup dan mampu jangan bertekat untuk janji ingat janji adlah hutang","1863258595351314672","","Jumianto_RK","in","","0","0","0","https://x.com/yudabrasko95868/status/1863258595351314672","1662830849065385985","yudabrasko95868"
"1863251313360097646","Sun Dec 01 15:58:25 +0000 2024","0","Ya sudah ketaker sedari awal. Gausah heran. Krn janji politik model makan siang gratis ini sangat populis dan sangat mudah ditagih. Tapi ketika terpilih tinggal berkelit anggaran terbatas.","1863251313360097646","","","in","Pluto","0","0","0","https://x.com/digasabhan/status/1863251313360097646","69859492","digasabhan"
"1862518024869486894","Sun Dec 01 14:28:11 +0000 2024","0","@kompascom Akhirnya rilis. Terima kasih pak atas Terbuka nya anggaran makan siang gratis. jadi ga perlu cape lagi menilai janji manis di pilpres nanti dan visi misi pilpres 2029. Karenaa.. simpulkan sendiri aja ya...","1863228607054962927","","kompascom","in","","0","0","0","https://x.com/Stvpangaribuan/status/1863228607054962927","3120016798","Stvpangaribuan"
"1862752736963698695","Sun Dec 01 14:22:12 +0000 2024","1","@kegblgnunfaedh Akhirnya rilis. Terima kasih pak atas Terbuka nya anggaran makan siang gratis. jadi ga perlu cape lagi menilai janji manis di pilpres nanti dan visi misi pilpres 2029. Karenaa.. simpulkan sendiri aja ya...","1863227098913218724","","kegblgnunfaedh","in","","0","0","0","https://x.com/Stvpangaribuan/status/1863227098913218724","3120016798","Stvpangaribuan"
"1863143376935436601","Sun Dec 01 08:49:31 +0000 2024","0","Maklumlah sudah resmi jd presiden jd TIDAK perlu menepati janji. @prabowo Kalo dulu kan msh #kampanye #pilpres lg sibuk-sibuknya merayu rakyat üá≤üá® utk memberikan suara buat beliau .... makanya dulu MEMBUAL mau ngasih makan siang gratis 25 ribu/anak. #jateng #sikka #nabire","1863143376935436601","","","in","DKI Jakarta ","0","0","0","https://x.com/fransisca_ning/status/1863143376935436601","1598118226759933952","fransisca_ning"
"1863128051523154132","Sun Dec 01 07:48:37 +0000 2024","0","Wahai Presiden Prabowo Subianto masyarakat masih mengingat janji makan siang gratis. Bibir baaah belum kering dari janji. Lantas mau dikhianati sendiri ?","1863128051523154132","","","in","Bekasi Timur, Indonesia","0","0","0","https://x.com/SUmmat24/status/1863128051523154132","1706540488789229568","SUmmat24"
"1863113884758118620","Sun Dec 01 06:52:19 +0000 2024","334","Janji Hashim : Prabowo akan bagikan makan gratis 2 kali sehari. Pagi dan siang Wihh mantap ini https://t.co/yh8gFyHEfM","1863113884758118620","https://pbs.twimg.com/media/GdscNFOa0AAD4XA.jpg","","in","PLUIT","15","191","91","https://x.com/KangManto123/status/1863113884758118620","947632364003368961","KangManto123"
"1863070833226502399","Sun Dec 01 04:30:18 +0000 2024","0","@PngAdilnR4kyt Ga usah di realisasikan makan siang bergizi gratis itu ide gila terlalu gegabah buat janji kampanye Indonesia ini luas belum lagi yg dipulau kecil contoh Mentawai Sumatera Barat belum yg di ujung Papua banyak sekolah yg kalau hujan mereka ga sekolah karna ga ada tranportasi","1863078144644956277","","PngAdilnR4kyt","in","Indonesia","0","1","0","https://x.com/BudiWaludin/status/1863078144644956277","1518108227489001472","BudiWaludin"
"1862851867975491800","Sun Dec 01 03:47:25 +0000 2024","1","@kompascom dan kemudian makan siang gratis direvisi dihapuskan dengan alasan dan akan dialihkan untuk bla bla bla. seperti pencabutan subsidi. dengan alasan bla bla bla. yg penting janji politik sudah dilaksanakan semua janji politikus omon2 doang","1863067351526318208","","kompascom","in","Indonesia","0","0","0","https://x.com/robbisantiaji/status/1863067351526318208","70380004","robbisantiaji"
"1863058687415480520","Sun Dec 01 03:12:59 +0000 2024","23","Nunggu Janji 19 Juta Lapangan Pekerjaan Eh Gak Taunya Malah Nonggol Berita Makan Siang Gratis Turun dari 15 ribu ke 10 ribu...ok gas ok gas.. https://t.co/0Ph669hocd","1863058687415480520","https://pbs.twimg.com/ext_tw_video_thumb/1863058564907941888/pu/img/zqNSbXMyh2LCdW0C.jpg","","in","","0","1","8","https://x.com/165Hati/status/1863058687415480520","1752532657639165952","165Hati"
"1862464509044302181","Sun Dec 01 02:36:57 +0000 2024","0","@tempodotco Udah lah ingkar janji aja sekalian. Buang-buang anggaran dampak tidak signifikan. Indonesia belum siap untuk makan siang gratis nanti dulu pas sektor lain dah dipenuhi ‚Äç","1863049620487848006","","tempodotco","in","","0","0","0","https://x.com/justezx/status/1863049620487848006","944583878143909888","justezx"
"1862705283551961259","Sun Dec 01 02:29:37 +0000 2024","0","@JhonSitorus_18 Supaya janji kampanye terealisasi saran terbaik buat pak presiden prioritaskan kecerdasan bangsa program makan siang gratis dan menaiki gaji guru didahulukan daripada infrastruktur demi bonus demografi menuju Indonesia emas","1863047772842361134","","JhonSitorus_18","in","","0","0","0","https://x.com/ChibiKomar/status/1863047772842361134","1033391504042090496","ChibiKomar"
"1862870783770632584","Sat Nov 30 14:46:19 +0000 2024","0","pak Prabowo jgn sebut makan bergizi Krn 10.000 itu bekum jelas ada gizinya bekum lagi kalo disunat lagi sebut aja makan siang gratis seperti janji kampanye","1862870783770632584","","","in","","0","0","0","https://x.com/efrich05/status/1862870783770632584","544284155","efrich05"
"1862853552881959289","Sat Nov 30 13:37:51 +0000 2024","2","Atp kenapa tetep harus maksain fulfil promise makan siang gratis ya? Kan politisi juga udah biasa ingkar janji. Kalo ingkar janji program ini dan fokus di program lain yang masih feasible kan masih oke","1862853552881959289","","","in","","0","0","0","https://x.com/plusdargent97/status/1862853552881959289","73807398","plusdargent97"
"1862823887312204135","Sat Nov 30 11:39:58 +0000 2024","2","Negara emang udh kebanyakan drama cm sekedar untuk melunasi janji pemilu seperti makan siang bergizi gratis 10rb","1862823887312204135","","","in","Oslo,Soerakarta","0","0","1","https://x.com/vicko_twitt/status/1862823887312204135","341267493","vicko_twitt"
"1862705283551961259","Sat Nov 30 10:55:15 +0000 2024","1","@JhonSitorus_18 Harusnya gak usah malu buat batalin janji yg pernah terlontar makan siang gratis ‚ÄºÔ∏è sdhlah gak usah makan gratis kalo ujung2nya duitnya jg dr hasil malakin rakyatnya sendiri scr membabi buta + dr utang2an Sdhlah rakyat kita jg blm bosan2 kok dikibulin terus menerus ","1862812632342036815","","JhonSitorus_18","in","","0","0","0","https://x.com/Ferry08008574/status/1862812632342036815","1387441848700989443","Ferry08008574"
"1862455215590711599","Sat Nov 30 07:46:27 +0000 2024","13","@ZardYuli @ernestprakasa Goals nya cuma memenuhi janji makan siang gratis doang hasilnya sih ga penting buat mrk ! ","1862765119983472706","","ZardYuli","in","Jakarta ","0","1","0","https://x.com/arvand90/status/1862765119983472706","1614176971310911490","arvand90"
"1862434330775363816","Sat Nov 30 03:41:55 +0000 2024","1","@dickymmaulana @Tafif99 @priceprince93 @IrwanTamami @benisapoedtra @JukiHoki Kebiasaan ngolah kata mirip janji makan siang gratis. Naik 2 juta diolah jadi naik jadi 2 juta.","1862703578173051128","","dickymmaulana","in","","0","0","0","https://x.com/gr8diazm/status/1862703578173051128","1138479535232389121","gr8diazm"
"1862434330775363816","Fri Nov 29 21:40:27 +0000 2024","82","@JukiHoki Tolong jelaskan min @Gerindra apa benar kenaikan gaji guru cuma gimmick @prabowo doang? Sama halnya dgn makan siang gratis yg awalnya pas kampanye 25 rb jadi 10 rb?? Jangan koar koar janji ini itu klo apbn habis untuk gaji pejabat dgn para tim ahlinya #muak","1862612611923419479","","JukiHoki","in","","0","1","2","https://x.com/SitiRom05533469/status/1862612611923419479","1742049679037407232","SitiRom05533469"
"1862465411830489169","Fri Nov 29 12:32:10 +0000 2024","1","@vwexcellent Lebih penting ngelunasin janji kampanye nya daripada ngelunasin esensi makan siang bergizi gratis","1862474633846694343","","vwexcellent","in","Oslo,Soerakarta","0","0","1","https://x.com/vicko_twitt/status/1862474633846694343","341267493","vicko_twitt"
"1862040030748832181","Fri Nov 29 06:16:14 +0000 2024","0","@saminkarto @dody_13 @lail_23 @tanyarlfes Makanya anjeng di edukasi itu masyarakat sekitar. Bukan malah ngeiyain yaudah lah orang tetep cari duit sendiri . Ada yg janji batas umur kerja dihapus malah milih makan siang gratis. Kan tolol. Kebanyakan mungkin dari jateng yg mikir begini","1862380026689462342","","saminkarto","in","","0","0","0","https://x.com/bigbabyaw/status/1862380026689462342","1848047057480925184","bigbabyaw"
"1862121513366978711","Thu Nov 28 18:30:24 +0000 2024","0","@tempodotco anda dibebani janji makan gratis sampe mati wapresmu bebas gerak sana sini cari muka dimana mana tim yang ngide makan siang gratis ga ngotak","1862202397097148436","","tempodotco","in","","0","0","0","https://x.com/terangijiwa/status/1862202397097148436","1685447374498635776","terangijiwa"
"1862004807105429787","Thu Nov 28 05:25:15 +0000 2024","0"," temenan yuk? nanti dapet makan siang gratis deh janji https://t.co/M885MFvKjJ","1862004807105429787","https://pbs.twimg.com/media/GdcrgNWWwAAzKza.jpg","","in","STRICTLY SELFOL GEN!RP","0","32","0","https://x.com/menfess/status/1862004807105429787","1288841351321149442","menfess"
"1861702600787386579","Wed Nov 27 22:21:08 +0000 2024","0","@JhonSitorus_18 Orang miskin orang bodoh dan para guru didaerah mudah ditipu dengan bansos makan siang gratis dan janji naik gaji 2juta","1861898076182720935","","JhonSitorus_18","in","Earth.","0","0","0","https://x.com/Adennybroos/status/1861898076182720935","1580310534163169280","Adennybroos"
"1861604990806102069","Wed Nov 27 03:02:35 +0000 2024","2","@V3g3L @prabowo Sudahlah pak @prabowo . Janji makan siang gratis itu juga perlu dievaluasi ulang. Bakalan banyak mudharatnya. Mendingan gratisin pendidikan. Lebih bermanfaat","1861606516824150044","","V3g3L","in","Masih di Jakarta","0","2","0","https://x.com/beautydyah/status/1861606516824150044","97855630","beautydyah"
"1861293091564724617","Wed Nov 27 01:43:42 +0000 2024","0","@JeblukAkun JELASKAN PD. RAKYAT ITU INVESTASI APA PINJAMAN ATAU APA.RAGU WOWO MENGATASI APBN 25 DEFISIT 24 HUTANG 8000 T. JANJI POLITIK MAKAN SIANG GRATIS SUBSIDI DLLLSEMENTARA KORUPSI DAN PHK MASIH BANYAK","1861586667460759753","","JeblukAkun","in","","0","0","0","https://x.com/VladimirMa48790/status/1861586667460759753","1797998680320217088","VladimirMa48790"
"1861453734485860722","Tue Nov 26 16:55:29 +0000 2024","1","Baru sebatas janji. Bahkan Prabowo akan mengkaji ulang bantuan negara asing untuk Program Makan Siang Gratis (MBG) jika berupa hutang kecuali hibah akan diterima.","1861453734485860722","","","in","","0","0","0","https://x.com/R19cakra/status/1861453734485860722","1730955716117327872","R19cakra"
"1861034675206037659","Tue Nov 26 03:33:58 +0000 2024","0","@rajinmager_ @tanyarlfes Yeee tolol padahal mereka klarifikasi emang di tahun ini belum merata. Mereka janji di 2025 lhoo merata. Btw temen gua ada yang jadi guru terus gua nanya program makan siang gratis udah jalan walaupun gak semua daerah ini dapat.","1861252025914409138","","rajinmager_","in","","0","0","0","https://x.com/akubukanilham/status/1861252025914409138","1226328135412568064","akubukanilham"
"1860509653144338708","Mon Nov 25 04:19:56 +0000 2024","0","@Mdy_Asmara1701 tp sebenernya makan siang gratis udh berjalan blm si? karna tmn gw pnya anak SD dan ga dpt makan siang gratis sesuai janji prabowo .. dia sewot gt katanya janji2 doang wkwkwk","1860901209013715127","","Mdy_Asmara1701","in","","0","0","0","https://x.com/akusiapa_0207/status/1860901209013715127","1588417326067568640","akusiapa_0207"
"1860541486687039845","Sun Nov 24 09:31:44 +0000 2024","26","@ARSIPAJA hal yang sudah seharusnya malah jadi bahan janji manis kampanye kalo pemerintahnya udah bener kagak bakal ada tuh janji¬≤ ke gini apalagi makan siang gratis","1860617286484377664","","ARSIPAJA","in","","0","0","0","https://x.com/frvr_thx/status/1860617286484377664","940002452820041729","frvr_thx"
"1860493452599001383","Sun Nov 24 01:37:07 +0000 2024","0","@estherIiu Misalkan janji manisnya ditepatin mah gapapa kak. Udah janji dikasih makan siang gratis taunya yang didapat malah PPN 12%. Asem deh kita kak.","1860497845452996918","","estherIiu","in","He wants to be the guardian
of   the  skyline   who   crafts
the journeys of those whose 
hearts    sought    the    skies.","0","1","0","https://x.com/malikhians/status/1860497845452996918","2438147347","malikhians"
"1860148750502756364","Sat Nov 23 02:29:56 +0000 2024","0","Janji bikin program makan siang gratis untuk murid sekolah se-Indonesia tapi pajak dinaikan 9%.. ","1860148750502756364","","","in","BATAVIA ","0","0","0","https://x.com/marbistar88/status/1860148750502756364","55116523","marbistar88"
"1859979766344061288","Fri Nov 22 22:48:31 +0000 2024","28","@NOTASLIMBOY Lebih miskin yg kegiur janji makan siang gratis sih...","1860093026548466088","","NOTASLIMBOY","in","Wakanda No More ","0","1","6","https://x.com/1caww/status/1860093026548466088","1640641614736674816","1caww"
"1859541011199828437","Fri Nov 22 07:38:45 +0000 2024","0","@Beritasatu Kalian yg buat janji ini itu....makan siang gratis gaji guru naik berantas korupsi.... Kenapa dibebankan ke rakyat...justru harus cari solusi bgm caranya utk menaikan pendapatan negara...pajakin usaha 9 naga di negeri ini.","1859864078514257942","","Beritasatu","in","","0","0","0","https://x.com/AgusBlo73/status/1859864078514257942","2237834048","AgusBlo73"
"1859570142612685103","Fri Nov 22 06:50:19 +0000 2024","1","@ZongWanxue @feylazyaw @NOTASLIMBOY Minta gratis? Yang janji kampanye ngasih program makan siang gratis siapa? Yang malah terseok-seok nyari utangan untuk penuhin janji siapa? Yang dibebankan untuk program makan siang gratis siapa? Anak abah justru pilih janji 1 keluarga 1 sarjana. Sekarang malah dituduh macem2 ","1859851891175457049","","ZongWanxue","in","","0","0","0","https://x.com/wibowo_choir/status/1859851891175457049","1439092285770113027","wibowo_choir"
"1859541011199828437","Fri Nov 22 00:00:17 +0000 2024","0","@Beritasatu Gini pak @prabowo kan sampean yang janji makan siang gratis susu gratis gaji naik.. tapi kok kami yang urunan ? Beban hidup kami udah tinggi setelah bos anda @jokowi 10 tahun sekarang plis lah kasihani kami tolong lahh pak","1859748702694539542","","Beritasatu","in","Jakarta","0","0","0","https://x.com/fajriNB/status/1859748702694539542","208580110","fajriNB"
"1859728750960935318","Thu Nov 21 22:41:00 +0000 2024","3","Janji kebijakan populis macam makan siang gratis itu sedari awal me mengkhawatirkan krn yg biayain ya kita sendiri : ","1859728750960935318","","","in","","0","0","2","https://x.com/daprangs/status/1859728750960935318","1074693999359709186","daprangs"
"1859420484309573994","Thu Nov 21 02:16:04 +0000 2024","0","RK didukung oleh jkw seorang pembohong &amp; penipu jkw boneka oligarki pasti jkw punya kepentingan utk oligarki tdk ada makan siang gratis bos jgn pilih RK dg janji-janji palsunya pasti rakyat JKT semakin tertindas &amp; menderita krn mengutamakan kepentingan oligarki","1859420484309573994","","","in","","0","0","0","https://x.com/Loveinloveyz/status/1859420484309573994","1638853113754058755","Loveinloveyz"
"1858686684134830150","Thu Nov 21 00:40:11 +0000 2024","0","@Epricila10 A.Lut didukung oleh jkw seorang pembohong &amp; penipu jkw boneka oligarki pasti jkw punya kepentingan utk oligarki tdk ada makan siang gratis bos jgn pilih A.Lut dg janji-janji palsunya pasti rakyat Jateng semakin tertindas &amp; menderita krn mengutamakan kepentingan oligarki","1859396354675703821","","Epricila10","in","","0","0","0","https://x.com/Loveinloveyz/status/1859396354675703821","1638853113754058755","Loveinloveyz"
"1857801124516081810","Sun Nov 17 10:43:53 +0000 2024","0","@NenkMonica @prabowo DNA nya dari penyelewengan konstruksi perjuangannya dari kecurangan dan mentornya raja ngibul. Masih aja sebagian banyak guru yang termakan oleh ni janji tanpa menimbang kesanggupan negara d saat besarnya hutang dan besarnya biyaya makan siang gratis.","1858098727313199256","","NenkMonica","in","","0","0","0","https://x.com/sonto_loyo41158/status/1858098727313199256","1850920731242328064","sonto_loyo41158"
"1858057944509854001","Sun Nov 17 08:01:49 +0000 2024","4","Almost 300jt jiwa yg memilih dan yg kepilih adalah janji makan siang gratis serasa mimpi hal kek gini kewujud.","1858057944509854001","","","in","Mriki-mriki mawon","0","0","0","https://x.com/Namecannotbeco/status/1858057944509854001","1353175805895958528","Namecannotbeco"
"1857745197528133943","Sun Nov 17 02:38:28 +0000 2024","0","@PelatihT1dur Sekarang sudah NOVEMBER... janjinya cuma OMON-OMON. Beritanya Januari 2025 pajak kebutuhan pokok akan naik 12% subsidi bantuan BPJS dihapus makan siang gratis diberi hutang oleh penguasa China. Di JATENG dan JAKARTA masih kampanye memberi janji OMON-OMON. https://t.co/6w3LxYaNjf","1857976570985722144","https://pbs.twimg.com/media/GcjbsSeaMAQpDec.jpg","PelatihT1dur","in","Indonesia","0","0","0","https://x.com/ADIPRAKOSO128/status/1857976570985722144","1842097761464029184","ADIPRAKOSO128"
"1857726442920190088","Sun Nov 17 02:23:39 +0000 2024","0","@bentangnegeri Janji cuma omon-omon Sekarang sudah bulan November yang ada infonya Januari 2025 pajak kebutuhan pokok akan naik 12% subsidi bantuan iyuran bpjs dihentikan makan siang gratis diberi hutangan pengusaha China. https://t.co/hR5MTO9Myq","1857972840907309531","https://pbs.twimg.com/media/GcjYYnLbsAA57gu.jpg","bentangnegeri","in","Indonesia","0","0","0","https://x.com/ADIPRAKOSO128/status/1857972840907309531","1842097761464029184","ADIPRAKOSO128"
"1857371671549927503","Fri Nov 15 10:34:49 +0000 2024","0","orang2 yg support makan siang gratis mikir gak sih kalo mereka bakal jadi lebih miskin. pajak naik setiap pembelian apapun akan lebih mahal. pengusaha makin sulit jual jasa/barang sehingga kemungkinan utk PHK pun makin besar. inilah pentingnya pelajari setiap janji capres!!","1857371671549927503","","","in","","0","0","0","https://x.com/beesandbells/status/1857371671549927503","1817036938337288192","beesandbells"
"1857237505852211507","Fri Nov 15 01:41:41 +0000 2024","148","Politisi model penjilat munafik dan muka tembok seringkali membuat janji-janji yang diluar nalar. Bahkan jika syahwat kekuasaannya sudah bergelora ia tak akan sungkan membuat janji : Kuliah Gratis sampai jenjang S2 Makan Pagi Siang &amp; Malam Gratis Gaji &amp; Pensiun bagi https://t.co/0VfpVCP0hQ","1857237505852211507","https://pbs.twimg.com/media/GcY7qkSagAA-YWi.jpg","","in","Kuta, Indonesia","3","20","50","https://x.com/Naz_lira/status/1857237505852211507","992488238609678336","Naz_lira"
